batch_number,stock_code,description
14354,fpdopswnrvarietypack,dop variety pack 5g sachets 8 x 72 (pdr340)
14350,cff900g12tri10%b9,cff900g12 tri 10% b9
14348,pdr1150,Amila Ice Tea Peach 4x15x25g
14347,fpdopswnrtrog005sa03,DOP 60's Tropical 10x60x5g
14346,pdr760,dop funky 72s 8x72x5g
14344,pdr978,dop tfrutti 200ml 4 packs of 10 bottles
14343,miksi500gx12,miksi 500gx12 english 16%
14341,pdr008,dop pinecoco 200ml 4 packs of 10 bottles
14337,cb2500g6tri10%b9_a,cb2500g x 6 10% tri language b9
14332,pdr425,dop groovy 72s 8x72x5g
14330,ogcubebeef3100x4g_b,onga cube (beef) 3100x4g
14329,ogtabtom1920x48x10g_e,onga tablet (tomato) 1920 x 48 x 10g pallet config
14328,pdr022,dop orange 72s 8x72x5g
14327,amlempremx,amila lemon premix 25kg
14326,fpamlblndmbeg005sa01,Amila GO Berries 5g sachet 6 x 40 South Africa
14325,ogtabchick1920x48x10g_b,onga tablet (chicken) 1920 x 48 x 10g pallet config
14324,pdr051,dop ginger 200ml 4 packs of 10 bottles
14323,ammanap4x15x25g,amila mango apricot 4x15x25g
14322,pdr1024,jaba shaker chilli 24 x 350g
14321,pdr915,dop retail pack red 8's 36x8x5g
14320,cff1800g6tri10%b9,cff1800g6 10% tri language b9
14319,cff1800g6tri10%b9,cff1800g6 10% tri language b9
14318,cff1800g6tri10%b9,cff1800g6 10% tri language b9
14317,pdr015,dop assorted reds 72s 8x72x5g
14316,cff9g300fbp10%b9,cowbell 9g300 french 10% b9
14314,cff1800g6tri10%b9,cff1800g6 10% tri language b9
14313,cff1800g6tri10%b9,cff1800g6 10% tri language b9
14312,cff1800g6tri10%b9,cff1800g6 10% tri language b9
14307,pdr007,dop cream soda 200ml 4 packs of 10 bottles
14306,pdr020,dop cola revolution 72s 8x72x5g
14305,pdr781,dop grape bulk 25kg
14303,pdr915,dop retail pack red 8's 36x8x5g
14302,ogtomato25kg_sp_e,onga tomato stick pack granules 25kg bags_e
14300,pdr1023,jaba shaker original 24 x 350g
14299,pdr1140,dop fantasy 72s 8x72x5g
14298,pdr007,dop cream soda 200ml 4 packs of 10 bottles
14296,cff400g12pouchfe10%b9,cowbell 400g12 f/e 10% b9
14295,cff900g12tri10%b9,cff900g12 tri 10% b9
14294,cff900g12trinzd,cff900g12 tri nzd
14293,pdr006,dop orange 200ml 4 packs of 10 bottles
14292,pdr808,dop 2g orange 10x60x2g
14290,miksi500gx12,miksi 500gx12 english 16%
14289,pdr021,dop ginger 72s 8x72x5g
14288,cff900g12tri10%b9,cff900g12 tri 10% b9
14287,cff10g300fbp10%b9,cowbell 10g300 french 10% bp b9
14283,fpamlblndwmlg005sa01,Amila GO Watermelon 5g sachet 6 x 40 South Africa
14279,pdr017,dop ass lights 72s 8x72x5g
14278,cff900g12tri10%b9,cff900g12 tri 10% b9
14277,pdr008,dop pinecoco 200ml 4 packs of 10 bottles
14276,ogtabpondu24x48x10g_d,onga tablet (pondu) 24 x 48 x 10g
14275,ogcubebeef3100x4g_b,onga cube (beef) 3100x4g
14274,ogstew25kg,onga stew granules 25kg bags
14273,pdr811,dop 2g lemon twizz 10x60x2g
14272,pdr807,dop 2g pineapple 10x60x2g
14271,cff900g12tri10%b9,cff900g12 tri 10% b9
14270,cff900g12tri10%b9,cff900g12 tri 10% b9
14268,cff900g12tri10%b9,cff900g12 tri 10% b9
14264,pdr022,dop orange 72s 8x72x5g
14263,pdr006,dop orange 200ml 4 packs of 10 bottles
14262,ogtabmar12x48x10g_b,onga tablet (marinade) 12 x 48 x 10g_b
14261,ogtabmar24x48x10g_b,onga tablet (marinade) 24 x 48 x 10g_b
14260,cff900g12tri10%b9,cff900g12 tri 10% b9
14259,cff400g24fe10%b9,cff400g24 f/e 10% b9
14258,fpamlblndmang005sa01,Amila GO Mango 5g sachet 6 x 40 South Africa
14249,pdr021,dop ginger 72s 8x72x5g
14248,pdr980,dop grape 200ml 4 packs of 10 bottles
14247,ogtabcrev1920x48x10g_b,onga tablet (crevette) 1920 x 48 x 10g pallet config
14246,cff400g24fenzd,cff400g24 f/e nzd
14245,cff400g24fe10%b9,cff400g24 f/e 10% b9
14244,pdr012,dop assorted lights 36s 16x36x5g
14243,pdr017,dop ass lights 72s 8x72x5g
14242,ogcubetom30x55x4g_e,onga cube (tomato) 30x55x4g
14241,pdr898,jaba beef stock (8x42x15g)
14240,pdr918,jaba curry stock (8x42x15g)
14238,cff400g24fe10%b9,cff400g24 f/e 10% b9
14235,pdr425,dop groovy 72s 8x72x5g
14234,pdr1140,dop fantasy 72s 8x72x5g
14233,pdr009,dop raspberry 200ml 4 packs of 10 bottles
14232,pdr010,dop naartjie 200ml  4 packs of 10 bottles
14231,amorannaa4x15x25g,amila orange naartjie 4x15x25g
14230,FPDOPSWNRGINK025DR02,DOP Sweetener Ginger 25kg Drum + Extra Strength
14228,cff400g24fe10%b9,cff400g24 f/e 10% b9
14227,cff400g24fe10%b9,cff400g24 f/e 10% b9
14224,ogcubetom30x55x4g_e,onga cube (tomato) 30x55x4g
14223,fpdopswnrjolg005sa03,DOP 60's Jolly 10x60x5g
14222,ammixber4x15x25g,amila mixed berry 4x15x25g
14221,amig_bulk_berry,amila 25kg mixed berry
14220,cff400g24fe10%b9,cff400g24 f/e 10% b9
14219,pdr300_7,jaba stck season-chicken 24x10x15g
14217,cff9g300fbp10%b9,cowbell 9g300 french 10% b9
14216,cff12g250ebp10%b9,cowbell 12g250 english 10% bp b9
14215,cbff10g300e10%b9,cowbell ffmp cbff10g300 english 10% b9
14214,cff400g24fenzd,cff400g24 f/e nzd
14213,pdr016,dop assorted grape 72s 8x72x5g
14212,fpamlblndorag005sa01,Amila GO Orange 5g sachet 6 x 40 South Africa
14211,ogtabtom1920x48x10g_e,onga tablet (tomato) 1920 x 48 x 10g pallet config
14210,pdr009,dop raspberry 200ml 4 packs of 10 bottles
14209,cff400g24fe10%b9,cff400g24 f/e 10% b9
14208,pdr006,dop orange 200ml 4 packs of 10 bottles
14207,ogtabtom24x48x10g_e,onga tablet (tomato) 24 x 48 x 10g
14204,ogstew25kg,onga stew granules 25kg bags
14203,pdr015,dop assorted reds 72s 8x72x5g
14202,ogpondu25kgcs,onga pondu granules 25kg bags
14201,pdr008,dop pinecoco 200ml 4 packs of 10 bottles
14200,pdr300_7,jaba stck season-chicken 24x10x15g
14197,cff400g24fe10%b9,cff400g24 f/e 10% b9
14196,pdr806,dop 2g cola 10x60x2g
14191,pdr450,dop jolly 72s 8x72x5g
14186,pdr760,dop funky 72s 8x72x5g
14185,pdr007,dop cream soda 200ml 4 packs of 10 bottles
14183,pdr051,dop ginger 200ml 4 packs of 10 bottles
14182,ogtabtom24x48x10g_e,onga tablet (tomato) 24 x 48 x 10g
14181,FPAMLBLNDMANG005SA01,Amila GO Mango 5g sachet 6 x 40 South Africa
14175,ogcubetom30x55x4g_e,onga cube (tomato) 30x55x4g
14168,pdr011,dop assorted reds 36s 16x36x5g
14166,ogtabchick12x48x10g_b,onga tablet (chicken) 12 x 48 x 10g
14165,ogtabchick24x48x10g_b,onga tablet (chicken) 24 x 48 x 10g
14164,pdr015,dop assorted reds 72s 8x72x5g
14162,pdr006,dop orange 200ml 4 packs of 10 bottles
14161,cff900g12tri10%b9,cff900g12 tri 10% b9
14160,cff900g12tri10%b9,cff900g12 tri 10% b9
14159,cff900g6fe10%b9,cff900g6 f/e 10% b9
14154,pdr979,dop mango 200ml 4 packs of 10 bottles
14153,pdr020,dop cola revolution 72s 8x72x5g
14150,FPAMLBLNDWMLG005SA01,Amila GO Watermelon 5g sachet 6 x 40 South Africa
14149,pdr808,dop 2g orange 10x60x2g
14148,cff9g300fbp10%b9,cowbell 9g300 french 10% b9
14147,pdr016,dop assorted grape 72s 8x72x5g
14146,miksi500gx12,miksi 500gx12 english 16%
14145,ogcubetom30x55x4g_e,onga cube (tomato) 30x55x4g
14143,pdr007,dop cream soda 200ml 4 packs of 10 bottles
14142,FPAMLBLNDMBEG005SA01,Amila GO Berries 5g sachet 6 x 40 South Africa
14140,ogtomato25kg_sp_e,onga tomato stick pack granules 25kg bags_e
14138,ogtabbeef1920x48x10g_c,onga tablet (beef) 1920 x 48 x 10g pallet config
14137,cff400g12pouchfe10%b9,cowbell 400g12 f/e 10% b9
14136,cbff200g24e10%b9,cowbell ffmp cbff200g24pouch english b9
14135,pdr021,dop ginger 72s 8x72x5g
14134,pdr008,dop pinecoco 200ml 4 packs of 10 bottles
14133,ogtabbeef12x48x10g_c,onga tablet (beef) 12 x 48 x 10g
14132,ogcubebeef30x55x4g_b,onga cube (beef) 30x55x4g
14131,cff400g24fe10%b9,cff400g24 f/e 10% b9
14130,cff400g24fe10%b9,cff400g24 f/e 10% b9
14128,ogtabbeef12x48x10g_c,onga tablet (beef) 12 x 48 x 10g
14127,FPAMLBLNDORAG005SA01,Amila GO Orange 5g sachet 6 x 40 South Africa
14126,pdr015,dop assorted reds 72s 8x72x5g
14125,pdr300_4,jaba stck season-chicken 8x42x15g
14124,pdr980,dop grape 200ml 4 packs of 10 bottles
14123,pdr300_7,jaba stck season-chicken 24x10x15g
14122,pdr012,dop assorted lights 36s 16x36x5g
14121,pdr017,dop ass lights 72s 8x72x5g
14120,ogtabchick12x48x10g_b,onga tablet (chicken) 12 x 48 x 10g
14118,pdr810,dop 2g blackcurrant 10x60x2g
14117,pdr022,dop orange 72s 8x72x5g
14115,ogtomato25kg_sp_e,onga tomato stick pack granules 25kg bags_e
14114,ccm28g150e10%b9,cowbell chocolate milk ccm28g150 eng b9
14113,pdr809,dop 2g mango 10x60x2g
14112,pdr809,dop 2g mango 10x60x2g
14111,pdr013_a,dop tropical 36s 16x36x5g_a
14110,ogtabchick12x48x10g_b,onga tablet (chicken) 12 x 48 x 10g
14109,cbff200g24e10%b9,cowbell ffmp cbff200g24pouch english b9
14108,cff400g24fe10%b9,cff400g24 f/e 10% b9
14107,cff9g300fbp10%b9,cowbell 9g300 french 10% b9
14106,ccm500g10pouche_c,ccm 10x500g pouch eng b9
14105,cff400g24fe10%b9,cff400g24 f/e 10% b9
14104,cff400g24fe10%b9,cff400g24 f/e 10% b9
14103,cbff10g300e10%b9,cowbell ffmp cbff10g300 english 10% b9
14101,pdr898,jaba beef stock (8x42x15g)
14100,amoran4x15x25g,amila orange 4x15x25g
14099,pdr018,dop tropical 72s 8x72x5g
14098,cff900g12tri10%b9,cff900g12 tri 10% b9
14097,pdr810,dop 2g blackcurrant 10x60x2g
14096,ccm28g150e10%b9,cowbell chocolate milk ccm28g150 eng b9
14095,ampinepremx,amila pineapple premix 25kg
14092,ammanpremx_1,amila mango premix 25kg
14090,cff400g12pouchfe10%b9,cowbell 400g12 f/e 10% b9
14089,pdr600_b,jaba chicken tablet 24 x 48 x 12g_b
14088,amstrban4x15x25g,amila strawberry banana 4x15x25g
14087,cff18g120fbp10%b9,cowbell 18g120 french 10% bopp b9
14086,cff18g120fbp10%b9,cowbell 18g120 french 10% bopp b9
14085,FPDOPSWNRTROG005SA03,DOP 60's Tropical 10x60x5g
14083,FPDOPSWNRRSPK025BA01,dop raspberry bulk bag 25kg
14080,pdr019,dop rainbow 72s 8x72x5g
14079,FPDOPSWNRGRPM200BO02,dop grape 200ml 10 packs of 4 bottles
14078,FPDOPSWNRGINM200BO02,dop ginger 200ml 10 packs of 4 bottles
14077,FPDOPSWNRNAAM200BO02,dop naartjie 200ml  10 packs of 4 bottles
14076,FPDOPSWNRPNPM200BO02,dop pinecoco 200ml 10 packs of 4 bottles
14075,FPDOPSWNRCREM200BO02,dop cream soda 200ml 10 packs of 4 bottles
14074,FPDOPSWNRORAM200BO02,dop orange 200ml 10 packs of 4 bottles
14073,cff1800g6tri10%b9,cff1800g6 10% tri language b9
14072,cff1800g6tri10%b9,cff1800g6 10% tri language b9
14071,cff1800g6tri10%b9,cff1800g6 10% tri language b9
14070,ampass4x15x25g,amila passion fruit 4x15x25g
14069,pdr883,superdip cola 2g 10x60x2g
14053,pdr009,dop raspberry 200ml 4 packs of 10 bottles
14050,cff900g12tri10%b9,cff900g12 tri 10% b9
14043,cff10g300fbp10%b9,cowbell 10g300 french 10% bp b9
14042,ogcubebeef3100x4g_b,onga cube (beef) 3100x4g
14041,pdr014,dop rainbow 36s 16x36x5g
14040,pdr601_b,jaba beef tablet 24 x 48 x 12g_b
14036,pdr807,dop 2g pineapple 10x60x2g
14035,pdr425,dop groovy 72s 8x72x5g
14034,pdr1140,dop fantasy 72s 8x72x5g
14033,pdr342,superdip 60s assorted 6x60x5g
14030,ogcubebeef30x55x4g_b,onga cube (beef) 30x55x4g
14029,pdr300_7,jaba stck season-chicken 24x10x15g
14028,FPDOPSWNRJOLG005SA03,DOP 60's Jolly 10x60x5g
14027,pdr811,dop 2g lemon twizz 10x60x2g
14026,pdr450,dop jolly 72s 8x72x5g
14024,cff9g300fbp10%b9,cowbell 9g300 french 10% b9
14023,cff12g250ebp10%b9,cowbell 12g250 english 10% bp b9
14022,ogtabpondu1920x48x10g_d,onga tablet (pondu) 1920 x 48 x 10g pallet config
14021,ogtabpondu1920x48x10g_d,onga tablet (pondu) 1920 x 48 x 10g pallet config
14019,cff1800g6tri10%b9,cff1800g6 10% tri language b9
14018,cff1800g6tri10%b9,cff1800g6 10% tri language b9
14017,cff1800g6tri10%b9,cff1800g6 10% tri language b9
14014,cff900g6fe10%b9,cff900g6 f/e 10% b9
14013,pdr882,superdip orange 10x60x2g
14012,pdr1038,superdip 60s tropical 6x60x5g
14010,cff900g12tri10%b9,cff900g12 tri 10% b9
14009,amtroppremx,amila tropical premix 25kg
14008,amfrucoc4x15x25g,amila fruit cocktail 4x15x25g
14007,amorannaa4x15x25g,amila orange naartjie 4x15x25g
14005,ogtabpondu12x48x10g_d,onga tablet (pondu) 12 x 48 x 10g
14004,pdr015,dop assorted reds 72s 8x72x5g
14003,pdr051,dop ginger 200ml 4 packs of 10 bottles
14000,pdr761,DOP Spaza Tubs 100's 100x5g
13990,pdr1252,jaba spaza tub 50 x 15g
13989,pdr441,Ginger Conc Liquid x 1KG (25kg Drums)
13988,pdr441,Ginger Conc Liquid x 1KG (25kg Drums)
13983,cff900g12trinzd,cff900g12 tri nzd
13982,pdr342,superdip 60s assorted 6x60x5g
13981,pdr1037,superdip 60s grape 6x60x5g
13980,pdr760,dop funky 72s 8x72x5g
13979,ogcubebeef3100x4g_b,onga cube (beef) 3100x4g
13978,cff400g24fenzd,cff400g24 f/e nzd
13977,cff400g24fe10%b9,cff400g24 f/e 10% b9
13976,pdr010,dop naartjie 200ml  4 packs of 10 bottles
13974,cff9g300fbp10%b9,cowbell 9g300 french 10% b9
13973,cff400g24fe10%b9,cff400g24 f/e 10% b9
13964,pdr300_4,jaba stck season-chicken 8x42x15g
13963,ogcubetom30x55x4g_e,onga cube (tomato) 30x55x4g
13962,ogtabpondu1920x48x10g_d,onga tablet (pondu) 1920 x 48 x 10g pallet config
13960,pdr018_a,dop tropical 72s 8x72x5g_temp blend
13959,pdr013_A,dop tropical 36s 16x36x5g_a
13952,ogcubebeef30x55x4g_b,onga cube (beef) 30x55x4g
13951,cb2500g6tri10%b9_a,cb2500g x 6 10% tri language b9
13950,ogpondu25kgcs_b,onga pondu granules 25kg bags
13949,ogpondu25kgcs_b,onga pondu granules 25kg bags
13947,km375g24,kremela regular plain 12x(2x375g) pouch
13946,ogtabpondu1920x48x10g_d,onga tablet (pondu) 1920 x 48 x 10g pallet config
13945,pdr1038,superdip 60s tropical 6x60x5g
13944,ogtomato25kg_sp_e,onga tomato stick pack granules 25kg bags_e
13943,ogtomato25kg_sp_e,onga tomato stick pack granules 25kg bags_e
13942,pdr007,dop cream soda 200ml 4 packs of 10 bottles
13941,pdr051,dop ginger 200ml 4 packs of 10 bottles
13939,pdr017,dop ass lights 72s 8x72x5g
13938,ogmarinade25kg_sp_a,onga marinade stick pack 25kg bags
13937,twpremix25kg,twisco premix 25kg
13935,pdr808,dop 2g orange 10x60x2g
13934,pdr300_4,jaba stck season-chicken 8x42x15g
13932,pdr925,best cook beef 8x42x15g
13929,pdr016,dop assorted grape 72s 8x72x5g
13928,ogtabpondu12x48x10g_d,onga tablet (pondu) 12 x 48 x 10g
13927,pdr925,best cook beef 8x42x15g
13926,ogtabblendchicken_b,onga chicken tablen blend
13925,pdr342,superdip 60s assorted 6x60x5g
13922,pdr980,dop grape 200ml 4 packs of 10 bottles
13921,km375g24,kremela regular plain 12x(2x375g) pouch
13920,ogcubebeef3100x4g_b,onga cube (beef) 3100x4g
13918,ogtabchick24x48x10g_b,onga tablet (chicken) 24 x 48 x 10g
13917,amstrban4x15x25g,amila strawberry banana 4x15x25g
13916,ampass4x15x25g,amila passion fruit 4x15x25g
13915,pdr008,dop pinecoco 200ml 4 packs of 10 bottles
13914,pdr915,dop retail pack red 8's 36x8x5g
13913,pdr011,dop assorted reds 36s 16x36x5g
13911,pdr1037,superdip 60s grape 6x60x5g
13910,ammanap4x15x25g,amila mango apricot 4x15x25g
13909,km375g24,kremela regular plain 12x(2x375g) pouch
13908,ammixber4x15x25g,amila mixed berry 4x15x25g
13907,amfrucoc4x15x25g,amila fruit cocktail 4x15x25g
13902,ogtabtom1920x48x10g_e,onga tablet (tomato) 1920 x 48 x 10g pallet config
13901,ogtabtom24x48x10g_e,onga tablet (tomato) 24 x 48 x 10g
13900,ogtabtom1920x48x10g_e,onga tablet (tomato) 1920 x 48 x 10g pallet config
13899,ogtabmar1920x48x10g_b,onga tablet (marinade) 1920 x 48 x 10g pallet config_b
13897,pdr795,dop 10g mango 4x60x10g
13893,pdr425,dop groovy 72s 8x72x5g
13891,pdr009,dop raspberry 200ml 4 packs of 10 bottles
13890,ogtabmar12x48x10g_b,onga tablet (marinade) 12 x 48 x 10g_b
13889,pdr926,best cook chicken 8x42x15g
13888,ogtabmar1920x48x10g_b,onga tablet (marinade) 1920 x 48 x 10g pallet config_b
13887,pdr022,dop orange 72s 8x72x5g
13886,pdr006,dop orange 200ml 4 packs of 10 bottles
13885,km375g24,kremela regular plain 12x(2x375g) pouch
13884,pdr300_7,jaba stck season-chicken 24x10x15g
13880,ogcubebeef3100x4g_b,onga cube (beef) 3100x4g
13879,pdr792,dop 10g pineapple 4x60x10g
13878,pdr020,dop cola revolution 72s 8x72x5g
13877,ogtabpondu24x48x10g_d,onga tablet (pondu) 24 x 48 x 10g
13876,cb2500g6tri10%b9_a,cb2500g x 6 10% tri language b9
13875,amstrban4x15x25g,amila strawberry banana 4x15x25g
13874,ammixber4x15x25g,amila mixed berry 4x15x25g
13873,amfrucoc4x15x25g,amila fruit cocktail 4x15x25g
13872,miksi500gx12,miksi 500gx12 english 16%
13868,ogcubetom30x55x4g_e,onga cube (tomato) 30x55x4g
13865,pdr019,dop rainbow 72s 8x72x5g
13864,cff400g24fe10%b9,cff400g24 f/e 10% b9
13861,cff900g6fe10%b9,cff900g6 f/e 10% b9
13860,cff900g6fe10%b9,cff900g6 f/e 10% b9
13858,cff15g150fbp10%b9,cowbell 15g150 french 10% bp
13857,cbff10g300e10%b9,cowbell ffmp cbff10g300 english 10% b9
13856,cbff380g10pouch10%b9,cowbell ffmp cbff380g10pouch 10% b9
13855,pdr1038,superdip 60s tropical 6x60x5g
13854,cbff200g24e10%b9,cowbell ffmp cbff200g24pouch english b9
13853,cff900g12tri10%b9,cff900g12 tri 10% b9
13852,pdr978,dop tfrutti 200ml 4 packs of 10 bottles
13850,amorannaa4x15x25g,amila orange naartjie 4x15x25g
13849,amoran4x15x25g,amila orange 4x15x25g
13848,ogtabpondu1920x48x10g_d,onga tablet (pondu) 1920 x 48 x 10g pallet config
13846,pdr791,dop 10g orange 4x60x10g
13845,pdr806,dop 2g cola 10x60x2g
13844,pdr342,superdip 60s assorted 6x60x5g
13843,twpremix25kg,twisco premix 25kg
13840,pdr007,dop cream soda 200ml 4 packs of 10 bottles
13837,ssp8x42x15g,sunny stock powder 8x42x15g chicken
13836,pdr1140,dop fantasy 72s 8x72x5g
13835,pdr1140,dop fantasy 72s 8x72x5g
13833,ampass4x15x25g,amila passion fruit 4x15x25g
13832,miksi500gx12,miksi 500gx12 english 16%
13830,ogtabpondu1920x48x10g_d,onga tablet (pondu) 1920 x 48 x 10g pallet config
13828,pdr1037,superdip 60s grape 6x60x5g
13827,pdr1037,superdip 60s grape 6x60x5g
13825,pdr790,dop 10g strawberry 4x60x10g
13824,cff900g12tri10%b9,cff900g12 tri 10% b9
13823,cff900g12tri10%b9,cff900g12 tri 10% b9
13822,cff900g12tri10%b9,cff900g12 tri 10% b9
13821,cff900g12tri10%b9,cff900g12 tri 10% b9
13820,cff900g12tri10%b9,cff900g12 tri 10% b9
13813,pdr300_4,jaba stck season-chicken 8x42x15g
13812,cbff10g300e10%b9,cowbell ffmp cbff10g300 english 10% b9
13811,cff10g300fbp10%b9,cowbell 10g300 french 10% bp b9
13808,cff12g250ebp10%b9,cowbell 12g250 english 10% bp b9
13807,cff900g12tri10%b9,cff900g12 tri 10% b9
13806,cff900g12tri10%b9,cff900g12 tri 10% b9
13804,ammanap4x15x25g,amila mango apricot 4x15x25g
13798,pdr010,dop naartjie 200ml  4 packs of 10 bottles
13797,pdr809,dop 2g mango 10x60x2g
13795,ogcubebeef3100x4g_b,onga cube (beef) 3100x4g
13794,cff900g12tri10%b9,cff900g12 tri 10% b9
13793,cff15g300fbp10%b9_b,cowbell 15g300 french 10% bp b9_b
13792,cff15g300fbp10%b9_b,cowbell 15g300 french 10% bp b9_b
13791,cff15g300fbp10%b9_b,cowbell 15g300 french 10% bp b9_b
13787,fpdopred5g60,dop assorted reds 60s 10x60x5g
13786,pdr1038,superdip 60s tropical 6x60x5g
13785,ogtabpondu1920x48x10g_d,onga tablet (pondu) 1920 x 48 x 10g pallet config
13784,ogtabpondu12x48x10g_d,onga tablet (pondu) 12 x 48 x 10g
13783,pdr807,dop 2g pineapple 10x60x2g
13781,cff400g12pouchfe10%b9,cowbell 400g12 f/e 10% b9
13780,cff400g12pouchfe10%b9,cowbell 400g12 f/e 10% b9
13777,blend_pdr915_blend_1,pdr915_blend_1 blend for trials
13776,blend_pdr915_blend_2_a,pdr915_blend_2_a blend for trials
13775,blend_pdr300_blend_4_a,jaba pdr300_blend_4_a blend for export
13774,cff9g300fbp10%b9,cowbell 9g300 french 10% b9
13770,pdr300_7,jaba stck season-chicken 24x10x15g
13768,cff20g120f_bp_10%b9,cowbell 20g120 french 10% bopp b9
13767,cff1800g6tri10%b9,cff1800g6 10% tri language b9
13766,cff1800g6tri10%b9,cff1800g6 10% tri language b9
13764,cff1800g6tri10%b9,cff1800g6 10% tri language b9
13758,cff250g24fe10%b9,cff250g24 f/e 10% b9
13757,cff400g24fe10%b9,cff400g24 f/e 10% b9
13754,cff400g24fe10%b9,cff400g24 f/e 10% b9
13753,pdr979,dop mango 200ml 4 packs of 10 bottles
13752,cff400g24fe10%b9,cff400g24 f/e 10% b9
13751,cff400g24fe10%b9,cff400g24 f/e 10% b9
13750,cff400g24fe10%b9,cff400g24 f/e 10% b9
13749,cff400g24fe10%b9,cff400g24 f/e 10% b9
13747,pdr051,dop ginger 200ml 4 packs of 10 bottles
13746,ogtabbeef12x48x10g_c,onga tablet (beef) 12 x 48 x 10g
13745,ogtabbeef12x48x10g_c,onga tablet (beef) 12 x 48 x 10g
13744,pdr810,dop 2g blackcurrant 10x60x2g
13743,pdr015,dop assorted reds 72s 8x72x5g
13742,pdr006,dop orange 200ml 4 packs of 10 bottles
13740,cff400g24fe10%b9,cff400g24 f/e 10% b9
13739,ogcubebeef3100x4g_b,onga cube (beef) 3100x4g
13738,cb2500g6tri10%b9_a,cb2500g x 6 10% tri language b9
13737,pdr342,superdip 60s assorted 6x60x5g
13735,pdr300_4,jaba stck season-chicken 8x42x15g
13734,cff400g24fe10%b9,cff400g24 f/e 10% b9
13724,ogtabbeef1920x48x10g_c,onga tablet (beef) 1920 x 48 x 10g pallet config
13723,pdr021,dop ginger 72s 8x72x5g
13720,pdr009,dop raspberry 200ml 4 packs of 10 bottles
13719,ogpondu25kgcs_B,onga pondu granules 25kg bags
13715,pdr018_a,dop tropical 72s 8x72x5g_temp blend
13711,cb2500g6tri10%b9_a,cb2500g x 6 10% tri language b9
13710,cb2500g6tri10%b9_a,cb2500g x 6 10% tri language b9
13709,cb2500g6tri10%b9_a,cb2500g x 6 10% tri language b9
13708,cb2500g6tri10%b9_a,cb2500g x 6 10% tri language b9
13707,cb2500g6tri10%b9_a,cb2500g x 6 10% tri language b9
13702,pdr929,jaba stck season-curry 15gx500 sachets
13699,ogpondu25kg_sp_c,onga pondu stick 25kg_c
13698,cff1800g6tri10%b9,cff1800g6 10% tri language b9
13697,cff1800g6tri10%b9,cff1800g6 10% tri language b9
13695,pdr913,jaba stck season-beef 15gx500 sachets
13694,pdr760,dop funky 72s 8x72x5g
13693,pdr760,dop funky 72s 8x72x5g
13691,cff1800g6tri10%b9,cff1800g6 10% tri language b9
13690,cff1800g6tri10%b9,cff1800g6 10% tri language b9
13687,pdr008,dop pinecoco 200ml 4 packs of 10 bottles
13686,ogtabbeef1920x48x10g_c,onga tablet (beef) 1920 x 48 x 10g pallet config
13680,ogtabcrev1920x48x10g_b,onga tablet (crevette) 1920 x 48 x 10g pallet config
13679,pdr871,jaba stck season-chicken 15gx500 sachets
13678,pdr806,dop 2g cola 10x60x2g
13677,ogtomato25kg_sp_e,onga tomato stick pack granules 25kg bags_e
13675,ogcubebeef3100x4g_b,onga cube (beef) 3100x4g
13672,cff400g24fe10%b9,cff400g24 f/e 10% b9
13671,pdr898,jaba beef stock (8x42x15g)
13670,pdr898,jaba beef stock (8x42x15g)
13669,pdr898,jaba beef stock (8x42x15g)
13668,pdr898,jaba beef stock (8x42x15g)
13666,pdr022,dop orange 72s 8x72x5g
13665,pdr022,dop orange 72s 8x72x5g
13662,cff400g24fe10%b9,cff400g24 f/e 10% b9
13656,pdr980,dop grape 200ml 4 packs of 10 bottles
13649,ogtabcrev1920x48x10g_b,onga tablet (crevette) 1920 x 48 x 10g pallet config
13648,ogtomato25kg_sp_e,onga tomato stick pack granules 25kg bags_e
13647,cff1800g6tri10%b9,cff1800g6 10% tri language b9
13646,cff1800g6tri10%b9,cff1800g6 10% tri language b9
13645,cff1800g6tri10%b9,cff1800g6 10% tri language b9
13644,cff1800g6tri10%b9,cff1800g6 10% tri language b9
13642,cff900g12tri10%b9,cff900g12 tri 10% b9
13641,cff900g12tri10%b9,cff900g12 tri 10% b9
13640,cff900g12tri10%b9,cff900g12 tri 10% b9
13637,ogtabtom1920x48x10g_e,onga tablet (tomato) 1920 x 48 x 10g pallet config
13636,ogtabtom1920x48x10g_e,onga tablet (tomato) 1920 x 48 x 10g pallet config
13635,pdr978,dop tfrutti 200ml 4 packs of 10 bottles
13634,cff900g6fe10%b9,cff900g6 f/e 10% b9
13633,ccm28g150e10%b9,cowbell chocolate milk ccm28g150 eng b9
13631,cff400g24fe10%b9,cff400g24 f/e 10% b9
13630,pdr1023,jaba shaker original 24 x 350g
13629,ampass4x15x25g,amila passion fruit 4x15x25g
13626,ccm500g10pouche_c,ccm 10x500g pouch eng b9
13624,pdr979,dop mango 200ml 4 packs of 10 bottles
13623,ogtomato25kg_sp_e,onga tomato stick pack granules 25kg bags_e
13622,cff400g24fe10%b9,cff400g24 f/e 10% b9
13621,cbff200g24e10%b9,cowbell ffmp cbff200g24pouch english b9
13619,pdr021,dop ginger 72s 8x72x5g
13618,pdr021,dop ginger 72s 8x72x5g
13617,cff400g24fe10%b9,cff400g24 f/e 10% b9
13616,cff400g24fe10%b9,cff400g24 f/e 10% b9
13614,pdr010,dop naartjie 200ml  4 packs of 10 bottles
13613,cff400g12pouchfe10%b9,cowbell 400g12 f/e 10% b9
13612,ogchick25kg_b,onga chicken granules 25kg bags
13611,ogpondu25kg_sp_c,onga pondu stick 25kg_c
13610,cff400g12pouchfe10%b9,cowbell 400g12 f/e 10% b9
13609,pdr008,dop pinecoco 200ml 4 packs of 10 bottles
13608,pdr019,dop rainbow 72s 8x72x5g
13607,pdr019,dop rainbow 72s 8x72x5g
13606,pdr808,dop 2g orange 10x60x2g
13605,ogtabtom24x48x10g_e,onga tablet (tomato) 24 x 48 x 10g
13604,ogcubebeef3100x4g_b,onga cube (beef) 3100x4g
13603,ogtabpondu1920x48x10g_d,onga tablet (pondu) 1920 x 48 x 10g pallet config
13602,cff12g250ebp10%b9,cowbell 12g250 english 10% bp b9
13601,cff250g24fe10%b9,cff250g24 f/e 10% b9
13597,pdr918,jaba curry stock (8x42x15g)
13594,pdr459,dop strawberry bulk 25kg
13592,cff400g24fe10%b9,cff400g24 f/e 10% b9
13590,cff400g24fe10%b9,cff400g24 f/e 10% b9
13589,ogtomato25kg_sp_e,onga tomato stick pack granules 25kg bags_e
13588,pdr007,dop cream soda 200ml 4 packs of 10 bottles
13587,ogcubetom30x55x4g_e,onga cube (tomato) 30x55x4g
13585,pdr450,dop jolly 72s 8x72x5g
13584,pdr450,dop jolly 72s 8x72x5g
13583,cff400g24fe10%b9,cff400g24 f/e 10% b9
13577,pdr808,dop 2g orange 10x60x2g
13576,ogtomato25kg_sp_e,onga tomato stick pack granules 25kg bags_e
13575,ogcubebeef30x55x4g_b,onga cube (beef) 30x55x4g
13574,cff900g12tri10%b9,cff900g12 tri 10% b9
13572,cff900g12tri10%b9,cff900g12 tri 10% b9
13571,pdr009,dop raspberry 200ml 4 packs of 10 bottles
13570,ogtabpondu1920x48x10g_d,onga tablet (pondu) 1920 x 48 x 10g pallet config
13569,cff10g300fbp10%b9,cowbell 10g300 french 10% bp b9
13568,pdr006,dop orange 200ml 4 packs of 10 bottles
13567,km375g24,kremela regular plain 12x(2x375g) pouch
13566,km375g24,kremela regular plain 12x(2x375g) pouch
13565,pdr051,dop ginger 200ml 4 packs of 10 bottles
13564,pdr1023,jaba shaker original 24 x 350g
13563,cff900g12tri10%b9,cff900g12 tri 10% b9
13560,ogtabpondu1920x48x10g_d,onga tablet (pondu) 1920 x 48 x 10g pallet config
13559,pdr300_5,jaba stck season-chicken 24x10x15g
13558,pdr015,dop assorted reds 72s 8x72x5g
13556,pdr925,best cook beef 8x42x15g
13555,pdr926,best cook chicken 8x42x15g
13548,pdr300_4,jaba stck season-chicken 8x42x15g
13547,pdr018_a,dop tropical 72s 8x72x5g_temp blend
13546,cff900g12tri10%b9,cff900g12 tri 10% b9
13544,ogcubebeef3100x4g_b,onga cube (beef) 3100x4g
13542,pdr810,dop 2g blackcurrant 10x60x2g
13537,pdr980,dop grape 200ml 4 packs of 10 bottles
13536,ogtomato25kg_sp_e,onga tomato stick pack granules 25kg bags_e
13535,pdr017,dop ass lights 72s 8x72x5g
13531,pdr806,dop 2g cola 10x60x2g
13529,ogtabpondu1920x48x10g_d,onga tablet (pondu) 1920 x 48 x 10g pallet config
13528,ogcubebeef30x55x4g_b,onga cube (beef) 30x55x4g
13527,pdr017,dop ass lights 72s 8x72x5g
13525,pdr781,dop grape bulk 25kg
13523,ogtabpondu1920x48x10g_d,onga tablet (pondu) 1920 x 48 x 10g pallet config
13522,ogtabcrev1920x48x10g_b,onga tablet (crevette) 1920 x 48 x 10g pallet config
13520,cff900g12tri10%b9,cff900g12 tri 10% b9
13519,ogtomato25kg_sp_e,onga tomato stick pack granules 25kg bags_e
13518,pdr016,dop assorted grape 72s 8x72x5g
13514,pdr300_5,jaba stck season-chicken 24x10x15g
13513,cff12g250fbp10%b9,cowbell 12g250 french 10% bp b9
13512,ogcubebeef30x55x4g_b,onga cube (beef) 30x55x4g
13511,ogtabtom24x48x10g_e,onga tablet (tomato) 24 x 48 x 10g
13509,cff400g24fe10%b9,cff400g24 f/e 10% b9
13508,cff400g24fe10%b9,cff400g24 f/e 10% b9
13507,cff400g24fe10%b9,cff400g24 f/e 10% b9
13503,ogtabchick24x48x10g_b,onga tablet (chicken) 24 x 48 x 10g
13502,cff12g250fbp10%b9,cowbell 12g250 french 10% bp b9
13501,cff400g24fe10%b9,cff400g24 f/e 10% b9
13496,cff18g120fbp10%b9,cowbell 18g120 french 10% bopp b9
13495,ogtabblendchicken_b,onga chicken tablen blend
13494,ogmarinade25kg_sp_a,onga marinade stick pack 25kg bags
13493,cff900g12tri10%b9,cff900g12 tri 10% b9
13491,pdr015,dop assorted reds 72s 8x72x5g
13490,cff18g120fbp10%b9,cowbell 18g120 french 10% bopp b9
13489,cff900g6fe10%b9,cff900g6 f/e 10% b9
13488,ccm500g10pouche_c,ccm 10x500g pouch eng b9
13487,cbff200g24e10%b9,cowbell ffmp cbff200g24pouch english b9
13480,cff400g12pouchfe10%b9,cowbell 400g12 f/e 10% b9
13478,dop_bulk_orange,dop 25kg orange
13477,amig_bulk_berry,amila 25kg mixed berry
13476,cff1800g6tri10%b9,cff1800g6 10% tri language b9
13474,pdr300_4,jaba stck season-chicken 8x42x15g
13473,pdr918,jaba curry stock (8x42x15g)
13471,pdr760,dop funky 72s 8x72x5g
13469,cff18g120fbp10%b9,cowbell 18g120 french 10% bopp b9
13467,pdr918,jaba curry stock (8x42x15g)
13462,ogtabbeef1920x48x10g_c,onga tablet (beef) 1920 x 48 x 10g pallet config
13461,ogtabbeef1920x48x10g_c,onga tablet (beef) 1920 x 48 x 10g pallet config
13460,ogtabpondu1920x48x10g_d,onga tablet (pondu) 1920 x 48 x 10g pallet config
13456,ogtabpondu1920x48x10g_d,onga tablet (pondu) 1920 x 48 x 10g pallet config
13450,cff400g24fe10%b9,cff400g24 f/e 10% b9
13449,cff400g24fe10%b9,cff400g24 f/e 10% b9
13447,pdr450,dop jolly 72s 8x72x5g
13445,pdr300_4,jaba stck season-chicken 8x42x15g
13444,cff400g24fe10%b9,cff400g24 f/e 10% b9
13443,ogtabbeef1920x48x10g_c,onga tablet (beef) 1920 x 48 x 10g pallet config
13440,ogtomato25kg_sp_e,onga tomato stick pack granules 25kg bags_e
13432,amfrucoc4x15x25g,amila fruit cocktail 4x15x25g
13431,pdr1151,Amila Ice Tea Lemon 4x15x25g
13430,pdr1150,Amila Ice Tea Peach 4x15x25g
13429,pdr1154_b,amila ice tea apple 4x15x25g_b
13428,pdr1153,Amila Ice Tea Rooibos 4x15x25g
13426,ogcubebeef3100x4g_b,onga cube (beef) 3100x4g
13425,ogcubetom30x55x4g_e,onga cube (tomato) 30x55x4g
13424,pdr1152,Amila Ice Tea Raspberry 4x15x25g
13423,amstrban4x15x25g,amila strawberry banana 4x15x25g
13422,amorannaa4x15x25g,amila orange naartjie 4x15x25g
13420,ogtabpondu1920x48x10g_d,onga tablet (pondu) 1920 x 48 x 10g pallet config
13419,pdr300_4,jaba stck season-chicken 8x42x15g
13418,pdr300_4,jaba stck season-chicken 8x42x15g
13417,pdr019,dop rainbow 72s 8x72x5g
13416,pdr806,dop 2g cola 10x60x2g
13413,pdr020,dop cola revolution 72s 8x72x5g
13409,ogtabpondu1920x48x10g_d,onga tablet (pondu) 1920 x 48 x 10g pallet config
13408,cff400g24fe10%b9,cff400g24 f/e 10% b9
13404,amoran4x15x25g,amila orange 4x15x25g
13403,pdr425,dop groovy 72s 8x72x5g
13400,ogstew25kg,onga stew granules 25kg bags
13399,pdr300_4,jaba stck season-chicken 8x42x15g
13397,pdr017,dop ass lights 72s 8x72x5g
13394,cff900g12tri10%b9,cff900g12 tri 10% b9
13391,ammixber4x15x25g,amila mixed berry 4x15x25g
13390,cff18g120fbp10%b9,cowbell 18g120 french 10% bopp b9
13389,ammanap4x15x25g,amila mango apricot 4x15x25g
13384,cff1800g6tri10%b9,cff1800g6 10% tri language b9
13383,cff1800g6tri10%b9,cff1800g6 10% tri language b9
13378,pdr018,dop tropical 72s 8x72x5g
13375,ogtabpondu1920x48x10g_d,onga tablet (pondu) 1920 x 48 x 10g pallet config
13374,pdr807,dop 2g pineapple 10x60x2g
13373,pdr021,dop ginger 72s 8x72x5g
13371,pdr807,dop 2g pineapple 10x60x2g
13365,ogcubebeef3100x4g_b,onga cube (beef) 3100x4g
13364,ogtabmar1920x48x10g_b,onga tablet (marinade) 1920 x 48 x 10g pallet config_b
13363,ogtabmar24x48x10g_b,onga tablet (marinade) 24 x 48 x 10g_b
13362,cff18g120fbp10%b9,cowbell 18g120 french 10% bopp b9
13361,cff400g24fe10%b9,cff400g24 f/e 10% b9
13353,ogtomato25kg_sp_e,onga tomato stick pack granules 25kg bags_e
13352,pdr016,dop assorted grape 72s 8x72x5g
13332,cff400g24fe10%b9,cff400g24 f/e 10% b9
13322,pdr300_5,jaba stck season-chicken 24x10x15g
13321,pdr1024,jaba shaker chilli 24 x 350g
13315,pdr898,jaba beef stock (8x42x15g)
13314,pdr882,superdip orange 10x60x2g
13292,ogcubebeef3100x4g_b,onga cube (beef) 3100x4g
13286,pdr300_4,jaba stck season-chicken 8x42x15g
13180,ogtabchick1920x48x10g_b,onga tablet (chicken) 1920 x 48 x 10g pallet config
